[{"model": "contenttypes.contenttype", "pk": 1, "fields": {"app_label": "admin", "model": "logentry"}}, {"model": "contenttypes.contenttype", "pk": 2, "fields": {"app_label": "auth", "model": "permission"}}, {"model": "contenttypes.contenttype", "pk": 3, "fields": {"app_label": "auth", "model": "group"}}, {"model": "contenttypes.contenttype", "pk": 4, "fields": {"app_label": "contenttypes", "model": "contenttype"}}, {"model": "contenttypes.contenttype", "pk": 5, "fields": {"app_label": "sessions", "model": "session"}}, {"model": "contenttypes.contenttype", "pk": 6, "fields": {"app_label": "authtoken", "model": "token"}}, {"model": "contenttypes.contenttype", "pk": 7, "fields": {"app_label": "topical", "model": "ingredient"}}, {"model": "contenttypes.contenttype", "pk": 8, "fields": {"app_label": "topical", "model": "ingredientname"}}, {"model": "contenttypes.contenttype", "pk": 9, "fields": {"app_label": "topical", "model": "user"}}, {"model": "contenttypes.contenttype", "pk": 10, "fields": {"app_label": "topical", "model": "product"}}, {"model": "sessions.session", "pk": "vyrlw3icfmeleyrtp6ttrckc2r0j18uz", "fields": {"session_data": "NWJkYzg1M2I0Zjc2N2YxMTg2OWE0ODRjOTZjYzRlMzZlZDFlOTY1Mzp7Il9hdXRoX3VzZXJfaWQiOiIyIiwiX2F1dGhfdXNlcl9iYWNrZW5kIjoiZGphbmdvLmNvbnRyaWIuYXV0aC5iYWNrZW5kcy5Nb2RlbEJhY2tlbmQiLCJfYXV0aF91c2VyX2hhc2giOiJiNDRmYmM2YTcwNjVhNmM1MjQ5ZWM3YzZkNmI3YmQ3ODNkMGI4YTJkIn0=", "expire_date": "2020-08-04T19:34:31.176Z"}}, {"model": "topical.product", "pk": 2, "fields": {"name": "Old Spice Fiji with Palm Tree", "description": "Newer and Fresher than Coconuts and Daydreams", "upc": "01204401560", "image_url": "*"}}, {"model": "topical.ingredientname", "pk": 1, "fields": {"ingredient": 1, "name": "Aluminum Zirconium Trichlorohydrex"}}, {"model": "topical.ingredientname", "pk": 2, "fields": {"ingredient": 2, "name": "Mineral Oil"}}, {"model": "topical.ingredientname", "pk": 3, "fields": {"ingredient": 3, "name": "Dimethicone"}}, {"model": "topical.ingredientname", "pk": 4, "fields": {"ingredient": 3, "name": "polydimethylsiloxane"}}, {"model": "topical.ingredientname", "pk": 5, "fields": {"ingredient": 4, "name": "Talc"}}, {"model": "topical.ingredientname", "pk": 6, "fields": {"ingredient": 5, "name": "Petrolatum"}}, {"model": "topical.ingredientname", "pk": 7, "fields": {"ingredient": 6, "name": "Hydrogenated Castor Oil"}}, {"model": "topical.ingredientname", "pk": 8, "fields": {"ingredient": 6, "name": "hydrogenated castor oil"}}, {"model": "topical.ingredientname", "pk": 9, "fields": {"ingredient": 7, "name": "PPG-14 Butyl Ether"}}, {"model": "topical.ingredientname", "pk": 10, "fields": {"ingredient": 8, "name": "Cyclodextrin"}}, {"model": "topical.ingredientname", "pk": 11, "fields": {"ingredient": 9, "name": "something"}}, {"model": "topical.ingredientname", "pk": 12, "fields": {"ingredient": 9, "name": "foo"}}, {"model": "topical.ingredientname", "pk": 13, "fields": {"ingredient": 10, "name": "Benhenyl Alcohol"}}, {"model": "topical.ingredientname", "pk": 14, "fields": {"ingredient": 11, "name": "Fragrance"}}, {"model": "topical.ingredientname", "pk": 15, "fields": {"ingredient": 1, "name": "Jimmy"}}, {"model": "topical.ingredientname", "pk": 16, "fields": {"ingredient": 12, "name": "Stearyl Alcohol"}}, {"model": "topical.ingredientname", "pk": 17, "fields": {"ingredient": 13, "name": "Dipropylene Glycol"}}, {"model": "topical.ingredientname", "pk": 18, "fields": {"ingredient": 14, "name": "Water"}}, {"model": "topical.ingredientname", "pk": 19, "fields": {"ingredient": 15, "name": "Propylene Glycol"}}, {"model": "topical.ingredientname", "pk": 20, "fields": {"ingredient": 16, "name": "bacitracin"}}, {"model": "topical.ingredientname", "pk": 21, "fields": {"ingredient": 17, "name": "benzalkonium chloride"}}, {"model": "topical.ingredientname", "pk": 22, "fields": {"ingredient": 18, "name": "cobalt chloride"}}, {"model": "topical.ingredientname", "pk": 23, "fields": {"ingredient": 19, "name": "formaldehyde"}}, {"model": "topical.ingredientname", "pk": 24, "fields": {"ingredient": 20, "name": "fragrence"}}, {"model": "topical.ingredientname", "pk": 25, "fields": {"ingredient": 21, "name": "potassium dichromate"}}, {"model": "topical.ingredientname", "pk": 26, "fields": {"ingredient": 22, "name": "nickel"}}, {"model": "topical.ingredientname", "pk": 27, "fields": {"ingredient": 23, "name": "neomycin"}}, {"model": "topical.ingredientname", "pk": 28, "fields": {"ingredient": 24, "name": "methylisothiazolinone"}}, {"model": "topical.ingredientname", "pk": 29, "fields": {"ingredient": 25, "name": "methyldibromo glutaronitrile"}}, {"model": "topical.ingredientname", "pk": 30, "fields": {"ingredient": 26, "name": "benzophenone 4"}}, {"model": "auth.permission", "pk": 1, "fields": {"name": "Can add log entry", "content_type": 1, "codename": "add_logentry"}}, {"model": "auth.permission", "pk": 2, "fields": {"name": "Can change log entry", "content_type": 1, "codename": "change_logentry"}}, {"model": "auth.permission", "pk": 3, "fields": {"name": "Can delete log entry", "content_type": 1, "codename": "delete_logentry"}}, {"model": "auth.permission", "pk": 4, "fields": {"name": "Can view log entry", "content_type": 1, "codename": "view_logentry"}}, {"model": "auth.permission", "pk": 5, "fields": {"name": "Can add permission", "content_type": 2, "codename": "add_permission"}}, {"model": "auth.permission", "pk": 6, "fields": {"name": "Can change permission", "content_type": 2, "codename": "change_permission"}}, {"model": "auth.permission", "pk": 7, "fields": {"name": "Can delete permission", "content_type": 2, "codename": "delete_permission"}}, {"model": "auth.permission", "pk": 8, "fields": {"name": "Can view permission", "content_type": 2, "codename": "view_permission"}}, {"model": "auth.permission", "pk": 9, "fields": {"name": "Can add group", "content_type": 3, "codename": "add_group"}}, {"model": "auth.permission", "pk": 10, "fields": {"name": "Can change group", "content_type": 3, "codename": "change_group"}}, {"model": "auth.permission", "pk": 11, "fields": {"name": "Can delete group", "content_type": 3, "codename": "delete_group"}}, {"model": "auth.permission", "pk": 12, "fields": {"name": "Can view group", "content_type": 3, "codename": "view_group"}}, {"model": "auth.permission", "pk": 13, "fields": {"name": "Can add content type", "content_type": 4, "codename": "add_contenttype"}}, {"model": "auth.permission", "pk": 14, "fields": {"name": "Can change content type", "content_type": 4, "codename": "change_contenttype"}}, {"model": "auth.permission", "pk": 15, "fields": {"name": "Can delete content type", "content_type": 4, "codename": "delete_contenttype"}}, {"model": "auth.permission", "pk": 16, "fields": {"name": "Can view content type", "content_type": 4, "codename": "view_contenttype"}}, {"model": "auth.permission", "pk": 17, "fields": {"name": "Can add session", "content_type": 5, "codename": "add_session"}}, {"model": "auth.permission", "pk": 18, "fields": {"name": "Can change session", "content_type": 5, "codename": "change_session"}}, {"model": "auth.permission", "pk": 19, "fields": {"name": "Can delete session", "content_type": 5, "codename": "delete_session"}}, {"model": "auth.permission", "pk": 20, "fields": {"name": "Can view session", "content_type": 5, "codename": "view_session"}}, {"model": "auth.permission", "pk": 21, "fields": {"name": "Can add Token", "content_type": 6, "codename": "add_token"}}, {"model": "auth.permission", "pk": 22, "fields": {"name": "Can change Token", "content_type": 6, "codename": "change_token"}}, {"model": "auth.permission", "pk": 23, "fields": {"name": "Can delete Token", "content_type": 6, "codename": "delete_token"}}, {"model": "auth.permission", "pk": 24, "fields": {"name": "Can view Token", "content_type": 6, "codename": "view_token"}}, {"model": "auth.permission", "pk": 25, "fields": {"name": "Can add ingredient", "content_type": 7, "codename": "add_ingredient"}}, {"model": "auth.permission", "pk": 26, "fields": {"name": "Can change ingredient", "content_type": 7, "codename": "change_ingredient"}}, {"model": "auth.permission", "pk": 27, "fields": {"name": "Can delete ingredient", "content_type": 7, "codename": "delete_ingredient"}}, {"model": "auth.permission", "pk": 28, "fields": {"name": "Can view ingredient", "content_type": 7, "codename": "view_ingredient"}}, {"model": "auth.permission", "pk": 29, "fields": {"name": "Can add ingredient name", "content_type": 8, "codename": "add_ingredientname"}}, {"model": "auth.permission", "pk": 30, "fields": {"name": "Can change ingredient name", "content_type": 8, "codename": "change_ingredientname"}}, {"model": "auth.permission", "pk": 31, "fields": {"name": "Can delete ingredient name", "content_type": 8, "codename": "delete_ingredientname"}}, {"model": "auth.permission", "pk": 32, "fields": {"name": "Can view ingredient name", "content_type": 8, "codename": "view_ingredientname"}}, {"model": "auth.permission", "pk": 33, "fields": {"name": "Can add user", "content_type": 9, "codename": "add_user"}}, {"model": "auth.permission", "pk": 34, "fields": {"name": "Can change user", "content_type": 9, "codename": "change_user"}}, {"model": "auth.permission", "pk": 35, "fields": {"name": "Can delete user", "content_type": 9, "codename": "delete_user"}}, {"model": "auth.permission", "pk": 36, "fields": {"name": "Can view user", "content_type": 9, "codename": "view_user"}}, {"model": "auth.permission", "pk": 37, "fields": {"name": "Can add product", "content_type": 10, "codename": "add_product"}}, {"model": "auth.permission", "pk": 38, "fields": {"name": "Can change product", "content_type": 10, "codename": "change_product"}}, {"model": "auth.permission", "pk": 39, "fields": {"name": "Can delete product", "content_type": 10, "codename": "delete_product"}}, {"model": "auth.permission", "pk": 40, "fields": {"name": "Can view product", "content_type": 10, "codename": "view_product"}}, {"model": "topical.user", "pk": 1, "fields": {"password": "pbkdf2_sha256$180000$w4hoGFqJrLZk$3hHB66BH3YD6shbOOfuI1GPQXvlNz9wE5CkJa2WDG+Q=", "last_login": "2020-07-21T20:57:33.583Z", "is_superuser": false, "username": "steve", "first_name": "", "last_name": "", "email": "", "is_staff": true, "is_active": true, "date_joined": "2020-07-18T20:45:41Z", "is_setup": false, "groups": [], "user_permissions": []}}, {"model": "topical.user", "pk": 2, "fields": {"password": "pbkdf2_sha256$180000$5AifMz2v6sZe$4BlXeYDZN3OwvIK7Unwzt0O83HmV9O5m+GTUsL4q2jI=", "last_login": "2020-07-22T16:12:35.466Z", "is_superuser": true, "username": "admin", "first_name": "", "last_name": "", "email": "scarter13@gmail.com", "is_staff": true, "is_active": true, "date_joined": "2020-07-21T19:33:52.954Z", "is_setup": false, "groups": [], "user_permissions": []}}, {"model": "topical.user", "pk": 3, "fields": {"password": "pbkdf2_sha256$180000$EWVeRPntyR5e$bURRWQvIgq4Q5R/gopMvMdoOBlmU0k61EvVlNEFEt68=", "last_login": "2020-07-21T21:03:10.219Z", "is_superuser": false, "username": "catfish", "first_name": "", "last_name": "", "email": "", "is_staff": false, "is_active": true, "date_joined": "2020-07-21T21:02:42.271Z", "is_setup": false, "groups": [], "user_permissions": []}}, {"model": "topical.ingredient", "pk": 1, "fields": {"name": "Aluminum Zirconium Trichlorohydrex", "slug": "aluminum-zirconium-trichlorohydrex", "description": "Chemical used to reduce sweat secretion from the underarm area", "in_products": [2], "excluded_by": []}}, {"model": "topical.ingredient", "pk": 2, "fields": {"name": "Mineral Oil", "slug": "mineral-oil", "description": "", "in_products": [], "excluded_by": []}}, {"model": "topical.ingredient", "pk": 3, "fields": {"name": "Dimethicone", "slug": "dimethicone", "description": "", "in_products": [], "excluded_by": []}}, {"model": "topical.ingredient", "pk": 4, "fields": {"name": "Talc", "slug": "talc", "description": "", "in_products": [], "excluded_by": []}}, {"model": "topical.ingredient", "pk": 5, "fields": {"name": "Petrolatum", "slug": "petrolatum", "description": "", "in_products": [], "excluded_by": []}}, {"model": "topical.ingredient", "pk": 6, "fields": {"name": "Hydrogenated Castor Oil", "slug": "hydrogenated-castor-oil", "description": "", "in_products": [2], "excluded_by": []}}, {"model": "topical.ingredient", "pk": 7, "fields": {"name": "PPG-14 Butyl Ether", "slug": "ppg-14-butyl-ether", "description": "", "in_products": [], "excluded_by": []}}, {"model": "topical.ingredient", "pk": 8, "fields": {"name": "Cyclodextrin", "slug": "cyclodextrin", "description": "", "in_products": [], "excluded_by": []}}, {"model": "topical.ingredient", "pk": 9, "fields": {"name": "something", "slug": "something", "description": "a test item that does nothing", "in_products": [], "excluded_by": []}}, {"model": "topical.ingredient", "pk": 10, "fields": {"name": "Benhenyl Alcohol", "slug": "benhenyl-alcohol", "description": "", "in_products": [], "excluded_by": []}}, {"model": "topical.ingredient", "pk": 11, "fields": {"name": "Fragrance", "slug": "fragrance", "description": "", "in_products": [2], "excluded_by": []}}, {"model": "topical.ingredient", "pk": 12, "fields": {"name": "Stearyl Alcohol", "slug": "stearyl-alcohol", "description": "", "in_products": [], "excluded_by": []}}, {"model": "topical.ingredient", "pk": 13, "fields": {"name": "Dipropylene Glycol", "slug": "dipropylene-glycol", "description": "", "in_products": [], "excluded_by": []}}, {"model": "topical.ingredient", "pk": 14, "fields": {"name": "Water", "slug": "water", "description": "", "in_products": [], "excluded_by": []}}, {"model": "topical.ingredient", "pk": 15, "fields": {"name": "Propylene Glycol", "slug": "propylene-glycol", "description": "", "in_products": [], "excluded_by": []}}, {"model": "topical.ingredient", "pk": 16, "fields": {"name": "bacitracin", "slug": "bacitracin", "description": "", "in_products": [2], "excluded_by": [2]}}, {"model": "topical.ingredient", "pk": 17, "fields": {"name": "benzalkonium chloride", "slug": "benzalkonium-chloride", "description": "", "in_products": [], "excluded_by": [2]}}, {"model": "topical.ingredient", "pk": 18, "fields": {"name": "cobalt chloride", "slug": "cobalt-chloride", "description": "", "in_products": [], "excluded_by": [2]}}, {"model": "topical.ingredient", "pk": 19, "fields": {"name": "formaldehyde", "slug": "formaldehyde", "description": "", "in_products": [], "excluded_by": [2]}}, {"model": "topical.ingredient", "pk": 20, "fields": {"name": "fragrence", "slug": "fragrence", "description": "", "in_products": [], "excluded_by": [2]}}, {"model": "topical.ingredient", "pk": 21, "fields": {"name": "potassium dichromate", "slug": "potassium-dichromate", "description": "", "in_products": [], "excluded_by": [2]}}, {"model": "topical.ingredient", "pk": 22, "fields": {"name": "nickel", "slug": "nickel", "description": "", "in_products": [2], "excluded_by": [2]}}, {"model": "topical.ingredient", "pk": 23, "fields": {"name": "neomycin", "slug": "neomycin", "description": "", "in_products": [], "excluded_by": [2]}}, {"model": "topical.ingredient", "pk": 24, "fields": {"name": "methylisothiazolinone", "slug": "methylisothiazolinone", "description": "", "in_products": [], "excluded_by": [2]}}, {"model": "topical.ingredient", "pk": 25, "fields": {"name": "methyldibromo glutaronitrile", "slug": "methyldibromo-glutaronitrile", "description": "", "in_products": [], "excluded_by": [2]}}, {"model": "topical.ingredient", "pk": 26, "fields": {"name": "benzophenone 4", "slug": "benzophenone-4", "description": "", "in_products": [], "excluded_by": [2]}}, {"model": "authtoken.token", "pk": "4f6e3b54f3ae3198eaedc7c9b2dfc4bd3f27b5a8", "fields": {"user": 3, "created": "2020-07-21T21:03:10.216Z"}}, {"model": "authtoken.token", "pk": "9ba3ab99822d7b56aff78c9bf8b2f4c2f1f18a95", "fields": {"user": 1, "created": "2020-07-18T20:46:03.992Z"}}, {"model": "authtoken.token", "pk": "c364d26ffbd8064b7aae4c340e5e58dd0a9a5e6b", "fields": {"user": 2, "created": "2020-07-22T16:12:35.456Z"}}, {"model": "admin.logentry", "pk": 1, "fields": {"action_time": "2020-07-21T20:27:06.228Z", "user": 2, "content_type": 10, "object_id": "1", "object_repr": "Product object (1)", "action_flag": 1, "change_message": "[{\"added\": {}}]"}}, {"model": "admin.logentry", "pk": 2, "fields": {"action_time": "2020-07-21T20:29:06.620Z", "user": 2, "content_type": 7, "object_id": "1", "object_repr": "Aluminum Zirconium Trichlorohydrex", "action_flag": 1, "change_message": "[{\"added\": {}}]"}}, {"model": "admin.logentry", "pk": 3, "fields": {"action_time": "2020-07-21T20:29:13.675Z", "user": 2, "content_type": 9, "object_id": "1", "object_repr": "steve", "action_flag": 2, "change_message": "[{\"changed\": {\"fields\": [\"Staff status\", \"Excluded ingredients\"]}}]"}}, {"model": "admin.logentry", "pk": 4, "fields": {"action_time": "2020-07-24T23:26:14.183Z", "user": 2, "content_type": 10, "object_id": "1", "object_repr": "Product object (1)", "action_flag": 3, "change_message": ""}}]